seqnames	start	end	width	strand	tx_id	tx_biotype	tx_cds_seq_start	tx_cds_seq_end	gene_id	tx_support_level	tx_id_version	gc_content	tx_external_name	tx_is_canonical	tx_name
7	24284188	24291808	7621	+	ENST00000407573	protein_coding	24285241	24291687	ENSG00000122585	3	ENST00000407573.5	57.8723404255319	NPY-203	0	ENST00000407573
7	24284190	24291862	7673	+	ENST00000242152	protein_coding	24285241	24291687	ENSG00000122585	1	ENST00000242152.7	54.0540540540541	NPY-201	1	ENST00000242152
7	24285107	24291824	6718	+	ENST00000405982	protein_coding	24285241	24291687	ENSG00000122585	1	ENST00000405982.1	56.9911504424779	NPY-202	0	ENST00000405982
